Question,Answer
Where is Kamaraj College of Engineering and Technology located?,"It is located in Virudhunagar, Tamil Nadu, India."
Where is KCET located?,"It is located in Virudhunagar, Tamil Nadu, India."
KCET is in which place?,"It is located in Virudhunagar, Tamil Nadu, India."
Where’s Kamaraj College located?,"It is located in Virudhunagar, Tamil Nadu, India."
Which city is KCET in?,"It is located in Virudhunagar, Tamil Nadu, India."
Where can I find KCET?,"It is located in Virudhunagar, Tamil Nadu, India."
KCET location?,"It is located in Virudhunagar, Tamil Nadu, India."
Where exactly is KCET?,"It is located in Virudhunagar, Tamil Nadu, India."
KCET situated where?,"It is located in Virudhunagar, Tamil Nadu, India."
Is KCET an autonomous institution?,"Yes, KCET is an autonomous institution affiliated to Anna University."
Is KCET an autonomous institution?,"Yes, KCET is an autonomous institution affiliated to Anna University."
Is KCET autonomous?,"Yes, KCET is an autonomous institution affiliated to Anna University."
KCET is autonomous or not?,"Yes, KCET is an autonomous institution affiliated to Anna University."
Autonomous college ah KCET?,"Yes, KCET is an autonomous institution affiliated to Anna University."
KCET under Anna University?,"Yes, KCET is an autonomous institution affiliated to Anna University."
KCET independent or under control?,"Yes, KCET is an autonomous institution affiliated to Anna University."
KCET has autonomous status?,"Yes, KCET is an autonomous institution affiliated to Anna University."
Is KCET affiliated to any university?,"Yes, KCET is an autonomous institution affiliated to Anna University."
When was KCET established?,KCET was established in the year 1998.
KCET founded in which year?,KCET was established in the year 1998.
KCET established when?,KCET was established in the year 1998.
What year did KCET begin?,KCET was established in the year 1998.
When did KCET open?,KCET was established in the year 1998.
KCET started in which year?,KCET was established in the year 1998.
Since when is KCET running?,KCET was established in the year 1998.
KCET year of establishment?,KCET was established in the year 1998.
When was KCET established?,KCET was established in the year 1998.
What are the undergraduate courses offered at KCET?,KCET offers B.E. and B.Tech programs in various engineering disciplines.
What are the undergraduate courses offered at KCET?,"KCET offers B.E. and B.Tech programs in various engineering disciplines."
UG programs in KCET?,"KCET offers B.E. and B.Tech programs in various engineering disciplines."
Which engineering courses does KCET offer?,"KCET offers B.E. and B.Tech programs in various engineering disciplines."
What degrees are available at KCET?,"KCET offers B.E. and B.Tech programs in various engineering disciplines."
KCET UG courses?,"KCET offers B.E. and B.Tech programs in various engineering disciplines."
What can I study at KCET undergraduate?,"KCET offers B.E. and B.Tech programs in various engineering disciplines."
KCET offers B.E. or B.Tech?,"KCET offers B.E. and B.Tech programs in various engineering disciplines."
Engineering programs at KCET?,"KCET offers B.E. and B.Tech programs in various engineering disciplines."
Does KCET offer postgraduate programs?,"Yes, KCET offers M.E., M.Tech, and MBA programs."
Does KCET offer postgraduate programs?,"Yes, KCET offers M.E., M.Tech, and MBA programs."
Does KCET have PG courses?,"Yes, KCET offers M.E., M.Tech, and MBA programs."
PG programs available in KCET?,"Yes, KCET offers M.E., M.Tech, and MBA programs."
KCET offers M.E. or MBA?,"Yes, KCET offers M.E., M.Tech, and MBA programs."
Is M.Tech available at KCET?,"Yes, KCET offers M.E., M.Tech, and MBA programs."
Can I do postgraduation in KCET?,"Yes, KCET offers M.E., M.Tech, and MBA programs."
KCET provides PG degrees?,"Yes, KCET offers M.E., M.Tech, and MBA programs."
Are there master's programs at KCET?,"Yes, KCET offers M.E., M.Tech, and MBA programs."
Is KCET approved by AICTE?,"Yes, KCET is approved by the AICTE."
Is KCET approved by AICTE?,"Yes, KCET is approved by the AICTE."
Is KCET AICTE approved?,"Yes, KCET is approved by the AICTE."
KCET has AICTE approval?,"Yes, KCET is approved by the AICTE."
AICTE approved ah KCET?,"Yes, KCET is approved by the AICTE."
KCET under AICTE?,"Yes, KCET is approved by the AICTE."
KCET recognized by AICTE?,"Yes, KCET is approved by the AICTE."
Does AICTE approve KCET?,"Yes, KCET is approved by the AICTE."
KCET is AICTE certified?,"Yes, KCET is approved by the AICTE."
What is the official website of KCET?,https://www.kamarajengg.edu.in/
What’s KCET’s official website?,"https://www.kamarajengg.edu.in/"
KCET website URL?,"https://www.kamarajengg.edu.in/"
Where can I find KCET online?,"https://www.kamarajengg.edu.in/"
KCET site link?,"https://www.kamarajengg.edu.in/"
What’s the web address for KCET?,"https://www.kamarajengg.edu.in/"
KCET official site?,"https://www.kamarajengg.edu.in/"
URL for Kamaraj College of Engg & Tech?,"https://www.kamarajengg.edu.in/"
KCET homepage link?,"https://www.kamarajengg.edu.in/"
Is there a hostel facility in KCET?,"Yes, both boys and girls hostels are available."
Is there a hostel facility in KCET?,"Yes, both boys and girls hostels are available."
Are there hostels for students at KCET?,"Yes, both boys and girls hostels are available."
KCET offers student accommodation?,"Yes, both boys and girls hostels are available."
Does KCET have on‑campus hostels?,"Yes, both boys and girls hostels are available."
Is student housing available at KCET?,"Yes, both boys and girls hostels are available."
Are boys’ and girls’ hostels at KCET?,"Yes, both boys and girls hostels are available."
Can I stay in a hostel at KCET?,"Yes, both boys and girls hostels are available."
KCET has hostel facilities?,"Yes, both boys and girls hostels are available."
What is the intake capacity for CSE in KCET?,It usually admits around 180 students per year in CSE.
What is the intake capacity for CSE in KCET?,"It usually admits around 180 students per year in CSE."
How many students does KCET admit in CSE annually?,"It usually admits around 180 students per year in CSE."
KCET CSE intake per year?,"It usually admits around 180 students per year in CSE."
CSE seats at KCET?,"It usually admits around 180 students per year in CSE."
Annual CSE intake at KCET?,"It usually admits around 180 students per year in CSE."
How many seats in CSE at KCET?,"It usually admits around 180 students per year in CSE."
KCET CSE annual seats?,"It usually admits around 180 students per year in CSE."
Intake for Computer Science at KCET?,"It usually admits around 180 students per year in CSE."
Does KCET offer placement training?,"Yes, the college provides placement training and career guidance."
KCET placement training available?,"Yes, the college provides placement training and career guidance."
Is there placement guidance at KCET?,"Yes, the college provides placement training and career guidance."
KCET provide career support?,"Yes, the college provides placement training and career guidance."
Does KCET prepare students for placements?,"Yes, the college provides placement training and career guidance."
Placement training provided by KCET?,"Yes, the college provides placement training and career guidance."
Is there placement coaching at KCET?,"Yes, the college provides placement training and career guidance."
KCET has career guidance services?,"Yes, the college provides placement training and career guidance."
Does KCET offer placement training?,"Yes, the college provides placement training and career guidance."
How is the placement record of KCET?,KCET has a consistent placement record with top companies visiting the campus.
How is the placement record of KCET?,"KCET has a consistent placement record with top companies visiting the campus."
KCET placements good?,"KCET has a consistent placement record with top companies visiting the campus."
What about placements at KCET?,"KCET has a consistent placement record with top companies visiting the campus."
Is KCET placement record strong?,"KCET has a consistent placement record with top companies visiting the campus."
Companies visiting KCET for placements?,"KCET has a consistent placement record with top companies visiting the campus."
How are job offers at KCET?,"KCET has a consistent placement record with top companies visiting the campus."
Does KCET have good campus placements?,"KCET has a consistent placement record with top companies visiting the campus."
KCET placement details?,"KCET has a consistent placement record with top companies visiting the campus."
Is there a separate placement cell in KCET?,"Yes, KCET has a dedicated placement and training cell."
How is the placement record of KCET?,"KCET has a consistent placement record with top companies visiting the campus."
KCET placements good?,"KCET has a consistent placement record with top companies visiting the campus."
What about placements at KCET?,"KCET has a consistent placement record with top companies visiting the campus."
Is KCET placement record strong?,"KCET has a consistent placement record with top companies visiting the campus."
Companies visiting KCET for placements?,"KCET has a consistent placement record with top companies visiting the campus."
How are job offers at KCET?,"KCET has a consistent placement record with top companies visiting the campus."
Does KCET have good campus placements?,"KCET has a consistent placement record with top companies visiting the campus."
KCET placement details?,"KCET has a consistent placement record with top companies visiting the campus."
What are the top recruiters at KCET?,"TCS, Zoho, Wipro, Infosys, and HCL are some top recruiters."
What are the top recruiters at KCET?,"TCS, Zoho, Wipro, Infosys, and HCL are some top recruiters."
Who are the major recruiters at KCET?,"TCS, Zoho, Wipro, Infosys, and HCL are some top recruiters."
Which companies visit KCET for placements?,"TCS, Zoho, Wipro, Infosys, and HCL are some top recruiters."
Top companies recruiting from KCET?,"TCS, Zoho, Wipro, Infosys, and HCL are some top recruiters."
Who hires students from KCET?,"TCS, Zoho, Wipro, Infosys, and HCL are some top recruiters."
Name some recruiters of KCET?,"TCS, Zoho, Wipro, Infosys, and HCL are some top recruiters."
Which MNCs recruit from KCET?,"TCS, Zoho, Wipro, Infosys, and HCL are some top recruiters."
Any top IT companies recruiting at KCET?,"TCS, Zoho, Wipro, Infosys, and HCL are some top recruiters."
Does KCET have NBA accreditation?,"Yes, many departments are NBA accredited."
Does KCET have NBA accreditation?,"Yes, many departments are NBA accredited."
Is KCET NBA accredited?,"Yes, many departments are NBA accredited."
KCET NBA approved?,"Yes, many departments are NBA accredited."
Are KCET departments NBA accredited?,"Yes, many departments are NBA accredited."
Do KCET courses have NBA accreditation?,"Yes, many departments are NBA accredited."
Which programs at KCET are NBA accredited?,"Yes, many departments are NBA accredited."
Is KCET engineering NBA certified?,"Yes, many departments are NBA accredited."
Are the departments at KCET NBA recognized?,"Yes, many departments are NBA accredited."
Is there an active alumni network at KCET?,"Yes, KCET has a strong and active alumni network."
Is there an active alumni network at KCET?,"Yes, KCET has a strong and active alumni network."
Does KCET have an alumni network?,"Yes, KCET has a strong and active alumni network."
KCET alumni network available?,"Yes, KCET has a strong and active alumni network."
Is the alumni group at KCET active?,"Yes, KCET has a strong and active alumni network."
Are there alumni meets at KCET?,"Yes, KCET has a strong and active alumni network."
How active is the KCET alumni?,"Yes, KCET has a strong and active alumni network."
Does KCET connect with its alumni?,"Yes, KCET has a strong and active alumni network."
Any alumni association in KCET?,"Yes, KCET has a strong and active alumni network."
Are there clubs and societies for students at KCET?,"Yes, many technical and non-technical clubs are available."
Are there clubs and societies for students at KCET?,"Yes, many technical and non-technical clubs are available."
Does KCET have student clubs?,"Yes, many technical and non-technical clubs are available."
Any technical clubs at KCET?,"Yes, many technical and non-technical clubs are available."
KCET has non-technical clubs too?,"Yes, many technical and non-technical clubs are available."
Are student activities organized through clubs in KCET?,"Yes, many technical and non-technical clubs are available."
What kinds of clubs are there in KCET?,"Yes, many technical and non-technical clubs are available."
Is there a robotics or coding club at KCET?,"Yes, many technical and non-technical clubs are available."
Can students join clubs at KCET?,"Yes, many technical and non-technical clubs are available."
What extracurricular activities are available at KCET?,"Students can participate in sports, arts, and cultural activities."
Does KCET support research and innovation?,"Yes, the college promotes R&D and has research centres."
Are there any startup incubation centers in KCET?,"Yes, KCET has facilities to support student entrepreneurship."
What scholarships are available at KCET?,KCET offers government and private scholarships based on merit and need.
How can I apply to KCET?,You can apply via Tamil Nadu Engineering Admissions (TNEA) or the college website.
Is lateral entry allowed at KCET?,"Yes, diploma holders can apply through lateral entry."
Is KCET NAAC accredited?,"Yes, KCET is NAAC accredited with a good grade."
What departments does KCET have?,"KCET has departments like CSE, ECE, EEE, Mechanical, Civil, etc."
Is there Wi-Fi available on campus?,"Yes, Wi-Fi is available in academic and hostel areas."
Does KCET have a digital library?,"Yes, the library is well-equipped with digital resources."
What is the dress code at KCET?,Students are expected to wear formal or uniform attire based on department guidelines.
Are internships mandatory in KCET?,"Yes, internships are encouraged and sometimes mandatory."
Does KCET conduct industrial visits?,"Yes, regular industrial visits are part of the curriculum."
How is the faculty at KCET?,The faculty members are experienced and well-qualified.
What languages are used for instruction at KCET?,English is the primary medium of instruction.
Is transportation provided by KCET?,"Yes, the college provides bus facilities for students."
Does KCET have a grievance redressal cell?,"Yes, a grievance cell is available for students' concerns."
Is there a women's cell in KCET?,"Yes, KCET has a Women Empowerment Cell."
Are there campus fests at KCET?,"Yes, technical and cultural fests are conducted annually."
What is the exam pattern followed in KCET?,KCET follows Anna University’s semester-based examination system.
Does KCET have smart classrooms?,"Yes, some classrooms are equipped with smart learning tools."
Are international conferences held at KCET?,"Yes, national and international conferences are organized."
Is ragging strictly prohibited at KCET?,"Yes, KCET follows a strict anti-ragging policy."
What is the contact number of KCET?,91 4549278791
Does KCET provide online learning support?,"Yes, especially during the pandemic, e-learning was adopted."
Are there MOUs with industries?,"Yes, KCET has several MOUs with reputed industries and institutions."
Is there a cafeteria at KCET?,"Yes, a hygienic cafeteria is available for students and staff."
Does KCET offer value-added courses?,"Yes, many departments offer value-added and skill courses."
Are students encouraged for paper publications?,"Yes, students are guided to publish papers in journals and conferences."
Does KCET conduct hackathons or coding contests?,"Yes, regular hackathons and coding events are conducted."
Can I get education loan documents from KCET?,"Yes, the college provides necessary documents for loan application."
Is there a gym facility on campus?,"Yes, KCET provides a well-equipped gym."
Is KCET a co-educational institution?,"Yes, KCET admits both male and female students."
Does KCET offer career guidance for higher studies?,"Yes, the college has a higher studies cell for student support."
Are foreign language classes offered in KCET?,"Yes, foreign language training like Japanese is available in some departments."
